log_id,action_id,message,log_date_gmt,log_date_local
1,6,action created,2022-03-15 20:27:13,2022-03-15 20:27:13
2,6,action started via WP Cron,2022-03-15 20:28:26,2022-03-15 20:28:26
3,6,action complete via WP Cron,2022-03-15 20:28:29,2022-03-15 20:28:29
4,7,action created,2022-03-17 21:19:42,2022-03-17 21:19:42
5,7,action started via Async Request,2022-03-17 21:20:06,2022-03-17 21:20:06
6,7,action complete via Async Request,2022-03-17 21:20:06,2022-03-17 21:20:06
7,8,action created,2022-03-18 08:41:49,2022-03-18 08:41:49
8,8,action started via Async Request,2022-03-18 08:42:13,2022-03-18 08:42:13
9,8,action complete via Async Request,2022-03-18 08:42:14,2022-03-18 08:42:14
